Workbook
Name All_groups: products!$D$2:$D$11
Name All_managers: manager_distr!$F$2:$F$10
Name Bailey_Cantrell: manager_distr!$B$2:$B$3
Name Kobi_Huffman: manager_distr!$D$2:$D$4
Name Maximillian_Mahoney: manager_distr!$C$2:$C$4
Name products: OFFSET(filter!$D$3,0,0,MAX(filter!$A:$A),1)
Name Theodore_Kim: manager_distr!$E$2
Name TIMEWATCH: products!$C$2:$C$5
Name WOODTECH: products!$B$2:$B$7

Sheet Instructions
A1: 1. Select Manager
B3: All_managers will show you list of clients
A10: 2. Select Client
A28: 3. Select Product
A30: Choose a product group to filter the list
A41: Or type the product name in the search field
A53: 4. Enter Quantity (Discount)

Sheet PLAN
A1: Manager | B1: Distribution company | E1: Products/Search | F1: price 01/01/01
B2: Client/Distr | C2: Date_order | D2: Group | F2: Price | G2: Discount | H2: Final Price
A3: All_managers | B3: QuickBox | C3: 36892 | D3: All_groups | E3: Find N2 Flip | F3: =IFERROR(VLOOKUP(E3,price!A:B,2,0),"") -> 1500 | G3: 0.15 | H3: =IFERROR(F3-(F3*G3),"") -> 1275
A4: Kobi_Huffman | B4: POTY | C4: 36892 | D4: TIMEWATCH | E4: Chrono AF14 | F4: =IFERROR(VLOOKUP(E4,price!A:B,2,0),"") -> 3900 | G4: 1.24 | H4: =IFERROR(F4-(F4*G4),"") -> -936
F5: =IFERROR(VLOOKUP(E5,price!A:B,2,0),"") | H5: =IFERROR(F5-(F5*G5),"")
F6: =IFERROR(VLOOKUP(E6,price!A:B,2,0),"") | H6: =IFERROR(F6-(F6*G6),"")
F7: =IFERROR(VLOOKUP(E7,price!A:B,2,0),"") | H7: =IFERROR(F7-(F7*G7),"")
F8: =IFERROR(VLOOKUP(E8,price!A:B,2,0),"") | H8: =IFERROR(F8-(F8*G8),"")
F9: =IFERROR(VLOOKUP(E9,price!A:B,2,0),"") | H9: =IFERROR(F9-(F9*G9),"")
F10: =IFERROR(VLOOKUP(E10,price!A:B,2,0),"") | H10: =IFERROR(F10-(F10*G10),"")
F11: =IFERROR(VLOOKUP(E11,price!A:B,2,0),"") | H11: =IFERROR(F11-(F11*G11),"")
F12: =IFERROR(VLOOKUP(E12,price!A:B,2,0),"") | H12: =IFERROR(F12-(F12*G12),"")
F13: =IFERROR(VLOOKUP(E13,price!A:B,2,0),"") | H13: =IFERROR(F13-(F13*G13),"")
F14: =IFERROR(VLOOKUP(E14,price!A:B,2,0),"") | H14: =IFERROR(F14-(F14*G14),"")
F15: =IFERROR(VLOOKUP(E15,price!A:B,2,0),"") | H15: =IFERROR(F15-(F15*G15),"")
F16: =IFERROR(VLOOKUP(E16,price!A:B,2,0),"") | H16: =IFERROR(F16-(F16*G16),"")
... F213: =IFERROR(VLOOKUP(E213,price!A:B,2,0),"") | H213: =IFERROR(F213-(F213*G213),"")

Sheet filter
B2: name | D2: filter
A3: =IF(ISNUMBER(SEARCH(PLAN!$E$2,B3)),MAX(A$2:$A2)+1,0) -> 1 | B3: Find N2 Flip | C3: 1 | D3: =VLOOKUP(C3,A:B,2,0) -> Find N2 Flip
A4: =IF(ISNUMBER(SEARCH(PLAN!$E$2,B4)),MAX(A$2:$A3)+1,0) -> 2 | B4: Reno 11F | C4: 2 | D4: =VLOOKUP(C4,A:B,2,0) -> Reno 11F
A5: =IF(ISNUMBER(SEARCH(PLAN!$E$2,B5)),MAX(A$2:$A4)+1,0) -> 3 | B5: N2 Flip | C5: 3 | D5: =VLOOKUP(C5,A:B,2,0) -> N2 Flip
A6: =IF(ISNUMBER(SEARCH(PLAN!$E$2,B6)),MAX(A$2:$A5)+1,0) -> 4 | B6: Reno GP | C6: 4 | D6: =VLOOKUP(C6,A:B,2,0) -> Reno GP
A7: =IF(ISNUMBER(SEARCH(PLAN!$E$2,B7)),MAX(A$2:$A6)+1,0) -> 5 | B7: Reno A | C7: 5 | D7: =VLOOKUP(C7,A:B,2,0) -> Reno A
A8: =IF(ISNUMBER(SEARCH(PLAN!$E$2,B8)),MAX(A$2:$A7)+1,0) -> 6 | B8: Reno 18 | C8: 6 | D8: =VLOOKUP(C8,A:B,2,0) -> Reno 18
A9: =IF(ISNUMBER(SEARCH(PLAN!$E$2,B9)),MAX(A$2:$A8)+1,0) -> 7 | B9: 17A | C9: 7 | D9: =VLOOKUP(C9,A:B,2,0) -> 17A
A10: =IF(ISNUMBER(SEARCH(PLAN!$E$2,B10)),MAX(A$2:$A9)+1,0) -> 8 | B10: Chrono DIG | C10: 8 | D10: =VLOOKUP(C10,A:B,2,0) -> Chrono DIG
A11: =IF(ISNUMBER(SEARCH(PLAN!$E$2,B11)),MAX(A$2:$A10)+1,0) -> 9 | B11: Chrono AF14 | C11: 9 | D11: =VLOOKUP(C11,A:B,2,0) -> Chrono AF14
A12: =IF(ISNUMBER(SEARCH(PLAN!$E$2,B12)),MAX(A$2:$A11)+1,0) -> 10 | B12: CH ST | C12: 10 | D12: =VLOOKUP(C12,A:B,2,0) -> CH ST
A13: =IF(ISNUMBER(SEARCH(PLAN!$E$2,B13)),MAX(A$2:$A12)+1,0) -> 0 | C13: 11 | D13: =VLOOKUP(C13,A:B,2,0) -> #N/A
A14: =IF(ISNUMBER(SEARCH(PLAN!$E$2,B14)),MAX(A$2:$A13)+1,0) -> 0 | C14: 12 | D14: =VLOOKUP(C14,A:B,2,0) -> #N/A
A15: =IF(ISNUMBER(SEARCH(PLAN!$E$2,B15)),MAX(A$2:$A14)+1,0) -> 0 | C15: 13 | D15: =VLOOKUP(C15,A:B,2,0) -> #N/A
A16: =IF(ISNUMBER(SEARCH(PLAN!$E$2,B16)),MAX(A$2:$A15)+1,0) -> 0 | C16: 14 | D16: =VLOOKUP(C16,A:B,2,0) -> #N/A
A17: =IF(ISNUMBER(SEARCH(PLAN!$E$2,B17)),MAX(A$2:$A16)+1,0) -> 0 | C17: 15 | D17: =VLOOKUP(C17,A:B,2,0) -> #N/A
A18: =IF(ISNUMBER(SEARCH(PLAN!$E$2,B18)),MAX(A$2:$A17)+1,0) -> 0 | C18: 16 | D18: =VLOOKUP(C18,A:B,2,0) -> #N/A
A19: =IF(ISNUMBER(SEARCH(PLAN!$E$2,B19)),MAX(A$2:$A18)+1,0) -> 0 | C19: 17 | D19: =VLOOKUP(C19,A:B,2,0) -> #N/A
A20: =IF(ISNUMBER(SEARCH(PLAN!$E$2,B20)),MAX(A$2:$A19)+1,0) -> 0 | C20: 18 | D20: =VLOOKUP(C20,A:B,2,0) -> #N/A
A21: =IF(ISNUMBER(SEARCH(PLAN!$E$2,B21)),MAX(A$2:$A20)+1,0) -> 0 | C21: 19 | D21: =VLOOKUP(C21,A:B,2,0) -> #N/A
A22: =IF(ISNUMBER(SEARCH(PLAN!$E$2,B22)),MAX(A$2:$A21)+1,0) -> 0 | C22: 20 | D22: =VLOOKUP(C22,A:B,2,0) -> #N/A
A23: =IF(ISNUMBER(SEARCH(PLAN!$E$2,B23)),MAX(A$2:$A22)+1,0) -> 0 | C23: 21 | D23: =VLOOKUP(C23,A:B,2,0) -> #N/A
A24: =IF(ISNUMBER(SEARCH(PLAN!$E$2,B24)),MAX(A$2:$A23)+1,0) -> 0 | C24: 22 | D24: =VLOOKUP(C24,A:B,2,0) -> #N/A
... A482: =IF(ISNUMBER(SEARCH(PLAN!$E$2,B482)),MAX(A$2:$A481)+1,0) -> 0 | C482: 480 | D482: =VLOOKUP(C482,A:B,2,0) -> #N/A
A483: =IF(ISNUMBER(SEARCH(PLAN!$E$2,B483)),MAX(A$2:$A482)+1,0) -> 0
A484: =IF(ISNUMBER(SEARCH(PLAN!$E$2,B484)),MAX(A$2:$A483)+1,0) -> 0
A485: =IF(ISNUMBER(SEARCH(PLAN!$E$2,B485)),MAX(A$2:$A484)+1,0) -> 0
A486: =IF(ISNUMBER(SEARCH(PLAN!$E$2,B486)),MAX(A$2:$A485)+1,0) -> 0
A487: =IF(ISNUMBER(SEARCH(PLAN!$E$2,B487)),MAX(A$2:$A486)+1,0) -> 0
A488: =IF(ISNUMBER(SEARCH(PLAN!$E$2,B488)),MAX(A$2:$A487)+1,0) -> 0
A489: =IF(ISNUMBER(SEARCH(PLAN!$E$2,B489)),MAX(A$2:$A488)+1,0) -> 0
A490: =IF(ISNUMBER(SEARCH(PLAN!$E$2,B490)),MAX(A$2:$A489)+1,0) -> 0
A491: =IF(ISNUMBER(SEARCH(PLAN!$E$2,B491)),MAX(A$2:$A490)+1,0) -> 0
A492: =IF(ISNUMBER(SEARCH(PLAN!$E$2,B492)),MAX(A$2:$A491)+1,0) -> 0
A493: =IF(ISNUMBER(SEARCH(PLAN!$E$2,B493)),MAX(A$2:$A492)+1,0) -> 0
A494: =IF(ISNUMBER(SEARCH(PLAN!$E$2,B494)),MAX(A$2:$A493)+1,0) -> 0
... A558: =IF(ISNUMBER(SEARCH(PLAN!$E$2,B558)),MAX(A$2:$A557)+1,0) -> 0

Sheet products
A1: Groups | B1: =INDIRECT(ADDRESS(ROW($A$1)-COLUMN($A$1)+COLUMN(),1)) -> WOODTECH | C1: =INDIRECT(ADDRESS(ROW($A$1)-COLUMN($A$1)+COLUMN(),1)) -> TIMEWATCH | D1: =INDIRECT(ADDRESS(ROW($A$1)-COLUMN($A$1)+COLUMN(),1)) -> All_groups
A2: WOODTECH | B2: Find N2 Flip | C2: 17A | D2: Find N2 Flip
A3: TIMEWATCH | B3: Reno 11F | C3: Chrono DIG | D3: Reno 11F
A4: All_groups | B4: N2 Flip | C4: Chrono AF14 | D4: N2 Flip
B5: Reno GP | C5: CH ST | D5: Reno GP
B6: Reno A | D6: Reno A
B7: Reno 18 | D7: Reno 18
D8: 17A
D9: Chrono DIG
D10: Chrono AF14
D11: CH ST

Sheet list
B1: name | C1: group | D1: check
B2: Find N2 Flip | C2: WOODTECH | D2: =VLOOKUP(B2,price!$A:$B,2,0) -> 1500
B3: Reno 11F | C3: WOODTECH | D3: =VLOOKUP(B3,price!$A:$B,2,0) -> 1800
B4: N2 Flip | C4: WOODTECH | D4: =VLOOKUP(B4,price!$A:$B,2,0) -> 2100
B5: Reno GP | C5: WOODTECH | D5: =VLOOKUP(B5,price!$A:$B,2,0) -> 2400
B6: Reno A | C6: WOODTECH | D6: =VLOOKUP(B6,price!$A:$B,2,0) -> 2700
B7: Reno 18 | C7: WOODTECH | D7: =VLOOKUP(B7,price!$A:$B,2,0) -> 3000
B8: 17A | C8: TIMEWATCH | D8: =VLOOKUP(B8,price!$A:$B,2,0) -> 3300
B9: Chrono DIG | C9: TIMEWATCH | D9: =VLOOKUP(B9,price!$A:$B,2,0) -> 3600
B10: Chrono AF14 | C10: TIMEWATCH | D10: =VLOOKUP(B10,price!$A:$B,2,0) -> 3900
B11: CH ST | C11: TIMEWATCH | D11: =VLOOKUP(B11,price!$A:$B,2,0) -> 7000
D12: =VLOOKUP(B12,price!A:B,4,0) -> #N/A
D13: =VLOOKUP(B13,price!A:B,4,0) -> #N/A
D14: =VLOOKUP(B14,price!A:B,4,0) -> #N/A
D15: =VLOOKUP(B15,price!A:B,4,0) -> #N/A
D16: =VLOOKUP(B16,price!A:B,4,0) -> #N/A
D17: =VLOOKUP(B17,price!A:B,4,0) -> #N/A
D18: =VLOOKUP(B18,price!A:B,4,0) -> #N/A
D19: =VLOOKUP(B19,price!A:B,4,0) -> #N/A
D20: =VLOOKUP(B20,price!A:B,4,0) -> #N/A
D21: =VLOOKUP(B21,price!A:B,4,0) -> #N/A
D22: =VLOOKUP(B22,price!A:B,4,0) -> #N/A
D23: =VLOOKUP(B23,price!A:B,4,0) -> #N/A
... D963: =VLOOKUP(B963,price!A:B,4,0) -> #N/A
D1205: =VLOOKUP(B1206,price!A:B,6,0) -> #N/A
D1206: =VLOOKUP(B1207,price!A:B,6,0) -> #N/A
D1207: =VLOOKUP(B1208,price!A:B,6,0) -> #N/A
D1208: =VLOOKUP(B1209,price!A:B,6,0) -> #N/A
D1209: =VLOOKUP(B1210,price!A:B,6,0) -> #N/A
D1210: =VLOOKUP(B1211,price!A:B,6,0) -> #N/A
D1212: =VLOOKUP(B1213,price!A:B,6,0) -> #N/A
D1213: =VLOOKUP(B1214,price!A:B,6,0) -> #N/A
D1214: =VLOOKUP(B1215,price!A:B,6,0) -> #N/A
D1216: =VLOOKUP(B1217,price!A:B,6,0) -> #N/A
D1217: =VLOOKUP(B1218,price!A:B,6,0) -> #N/A
D1218: =VLOOKUP(B1219,price!A:B,6,0) -> #N/A
... D1337: =VLOOKUP(B1338,price!A:B,6,0) -> #N/A

Sheet price
B1: price
A3: all
A4: Find N2 Flip | B4: 1500
A5: Reno 11F | B5: 1800
A6: N2 Flip | B6: 2100
A7: Reno GP | B7: 2400
A8: Reno A | B8: 2700
A9: Reno 18 | B9: 3000
A10: 17A | B10: 3300
A11: Chrono DIG | B11: 3600
A12: Chrono AF14 | B12: 3900
A13: CH ST | B13: 7000

Sheet manager_distr
A1: Manager | B1: =INDIRECT(ADDRESS(ROW($A$1)-COLUMN($A$1)+COLUMN(),1)) -> Bailey_Cantrell | C1: =INDIRECT(ADDRESS(ROW($A$1)-COLUMN($A$1)+COLUMN(),1)) -> Maximillian_Mahoney | D1: =INDIRECT(ADDRESS(ROW($A$1)-COLUMN($A$1)+COLUMN(),1)) -> Kobi_Huffman | E1: =INDIRECT(ADDRESS(ROW($A$1)-COLUMN($A$1)+COLUMN(),1)) -> Theodore_Kim | F1: =INDIRECT(ADDRESS(ROW($A$1)-COLUMN($A$1)+COLUMN(),1)) -> All_managers
A2: Bailey_Cantrell | B2: QuickBox | C2: 17MAX | D2: Express | E2: EcommPY | F2: QuickBox
A3: Maximillian_Mahoney | B3: Porter | C3: WB | D3: POTY | F3: Porter
A4: Kobi_Huffman | C4: Silver1 | D4: MATHLog | F4: 17MAX
A5: Theodore_Kim | F5: WB
A6: All_managers | F6: Silver1
F7: Express
F8: POTY
F9: MATHLog
F10: EcommPY
